-- Seed data for א.שחר Marketplace
truncate table audit_log cascade;
truncate table notifications cascade;
truncate table attachments cascade;
truncate table shipments cascade;
truncate table vendor_ratings cascade;
truncate table order_items cascade;
truncate table orders cascade;
truncate table prices cascade;
truncate table price_lists cascade;
truncate table inventory cascade;
truncate table product_variants cascade;
truncate table products cascade;
truncate table attributes cascade;
truncate table categories cascade;
truncate table company_users cascade;
truncate table companies cascade;
truncate table auth.users cascade;

-- Companies
insert into companies (id, type, status, name, locale, currency, timezone)
values
  ('10000000-0000-0000-0000-000000000000', 'admin', 'active', 'Ashachar HQ', 'he', 'ILS', 'Asia/Jerusalem'),
  ('20000000-0000-0000-0000-000000000000', 'vendor', 'active', 'Herbs Supplier', 'he', 'ILS', 'Asia/Jerusalem'),
  ('20000000-0000-0000-0000-000000000001', 'vendor', 'active', 'Packaging Depot', 'he', 'ILS', 'Asia/Jerusalem'),
  ('20000000-0000-0000-0000-000000000002', 'vendor', 'pending', 'Fresh Dairy', 'he', 'ILS', 'Asia/Jerusalem'),
  ('30000000-0000-0000-0000-000000000000', 'customer', 'active', 'SuperMart Chain', 'he', 'ILS', 'Asia/Jerusalem'),
  ('30000000-0000-0000-0000-000000000001', 'customer', 'active', 'Cafe Delights', 'he', 'ILS', 'Asia/Jerusalem'),
  ('30000000-0000-0000-0000-000000000002', 'customer', 'active', 'Hotel Plaza', 'he', 'ILS', 'Asia/Jerusalem');

-- Users (fixed version - removed problematic fields)
insert into auth.users (
  id,
  instance_id,
  aud,
  role,
  email,
  encrypted_password,
  email_confirmed_at,
  raw_user_meta_data,
  raw_app_meta_data,
  created_at,
  updated_at,
  confirmation_token,
  recovery_token,
  email_change_token_new,
  email_change
)
values
  ('11111111-1111-1111-1111-111111111111', '00000000-0000-0000-0000-000000000000', 'authenticated', 'authenticated', 'admin@demo.local', crypt('Demo123!', gen_salt('bf', 10)), now(), '{"full_name":"Admin Demo","locale":"he"}', '{"role":"admin","company_id":"10000000-0000-0000-0000-000000000000","company_type":"admin"}', now(), now(), '', '', '', ''),
  ('22222222-2222-2222-2222-222222222222', '00000000-0000-0000-0000-000000000000', 'authenticated', 'authenticated', 'vendor1@demo.local', crypt('Demo123!', gen_salt('bf', 10)), now(), '{"full_name":"Vendor One","locale":"he"}', '{"role":"vendor_admin","company_id":"20000000-0000-0000-0000-000000000000","company_type":"vendor"}', now(), now(), '', '', '', ''),
  ('22222222-2222-2222-2222-222222222223', '00000000-0000-0000-0000-000000000000', 'authenticated', 'authenticated', 'vendor2@demo.local', crypt('Demo123!', gen_salt('bf', 10)), now(), '{"full_name":"Vendor Two","locale":"he"}', '{"role":"vendor_admin","company_id":"20000000-0000-0000-0000-000000000001","company_type":"vendor"}', now(), now(), '', '', '', ''),
  ('33333333-3333-3333-3333-333333333333', '00000000-0000-0000-0000-000000000000', 'authenticated', 'authenticated', 'buyer1@demo.local', crypt('Demo123!', gen_salt('bf', 10)), now(), '{"full_name":"Buyer One","locale":"he"}', '{"role":"buyer","company_id":"30000000-0000-0000-0000-000000000000","company_type":"customer"}', now(), now(), '', '', '', ''),
  ('33333333-3333-3333-3333-333333333334', '00000000-0000-0000-0000-000000000000', 'authenticated', 'authenticated', 'buyer2@demo.local', crypt('Demo123!', gen_salt('bf', 10)), now(), '{"full_name":"Buyer Two","locale":"he"}', '{"role":"customer_admin","company_id":"30000000-0000-0000-0000-000000000001","company_type":"customer"}', now(), now(), '', '', '', ''),
  ('33333333-3333-3333-3333-333333333335', '00000000-0000-0000-0000-000000000000', 'authenticated', 'authenticated', 'buyer3@demo.local', crypt('Demo123!', gen_salt('bf', 10)), now(), '{"full_name":"Buyer Three","locale":"en"}', '{"role":"customer_admin","company_id":"30000000-0000-0000-0000-000000000002","company_type":"customer"}', now(), now(), '', '', '', '');

-- Company user mapping
insert into company_users (company_id, user_id, role)
values
  ('10000000-0000-0000-0000-000000000000', '11111111-1111-1111-1111-111111111111', 'admin'),
  ('20000000-0000-0000-0000-000000000000', '22222222-2222-2222-2222-222222222222', 'vendor_admin'),
  ('20000000-0000-0000-0000-000000000001', '22222222-2222-2222-2222-222222222223', 'vendor_admin'),
  ('30000000-0000-0000-0000-000000000000', '33333333-3333-3333-3333-333333333333', 'buyer'),
  ('30000000-0000-0000-0000-000000000001', '33333333-3333-3333-3333-333333333334', 'customer_admin'),
  ('30000000-0000-0000-0000-000000000002', '33333333-3333-3333-3333-333333333335', 'customer_admin');

-- Categories
insert into categories (id, name, sort_order)
values
  ('40000000-0000-0000-0000-000000000000', '{"he":"תבלינים","en":"Herbs"}', 1),
  ('40000000-0000-0000-0000-000000000001', '{"he":"אריזות","en":"Packaging"}', 2),
  ('40000000-0000-0000-0000-000000000002', '{"he":"מוצרי חלב","en":"Dairy"}', 3);

-- Attributes
insert into attributes (id, code, name, type)
values
  ('50000000-0000-0000-0000-000000000000', 'size', '{"he":"גודל","en":"Size"}', 'text'),
  ('50000000-0000-0000-0000-000000000001', 'flavor', '{"he":"טעם","en":"Flavor"}', 'text'),
  ('50000000-0000-0000-0000-000000000002', 'pack', '{"he":"יחידות","en":"Pack"}', 'number');

-- Products & Variants (sample 6 products, each with variants)
insert into products (id, vendor_company_id, category_id, sku, name, description, uom, pack_size, moq, lead_time, active)
values
  ('60000000-0000-0000-0000-000000000000', '20000000-0000-0000-0000-000000000000', '40000000-0000-0000-0000-000000000000', 'HERB-001', '{"he":"עלי בזיליקום","en":"Basil Leaves"}', '{"he":"עלים טריים לבישול","en":"Fresh leaves"}', 'KG', 1, 1, 2, true),
  ('60000000-0000-0000-0000-000000000001', '20000000-0000-0000-0000-000000000000', '40000000-0000-0000-0000-000000000000', 'HERB-002', '{"he":"עלי נענע","en":"Mint Leaves"}', '{"he":"נענע טרייה","en":"Fresh mint"}', 'KG', 1, 1, 1, true),
  ('60000000-0000-0000-0000-000000000002', '20000000-0000-0000-0000-000000000001', '40000000-0000-0000-0000-000000000001', 'PACK-001', '{"he":"קופסת קרטון 5קג","en":"Carton Box 5kg"}', '{"he":"למשלוחים","en":"For shipments"}', 'EA', 10, 5, 3, true),
  ('60000000-0000-0000-0000-000000000003', '20000000-0000-0000-0000-000000000001', '40000000-0000-0000-0000-000000000001', 'PACK-002', '{"he":"גליל ניילון","en":"Stretch Wrap"}', '{"he":"לאריזה","en":"Packaging"}', 'EA', 24, 1, 2, true),
  ('60000000-0000-0000-0000-000000000004', '20000000-0000-0000-0000-000000000002', '40000000-0000-0000-0000-000000000002', 'DAIRY-001', '{"he":"חלב 3%","en":"Milk 3%"}', '{"he":"בקבוק 1 ליטר","en":"1L bottle"}', 'EA', 12, 24, 2, true),
  ('60000000-0000-0000-0000-000000000005', '20000000-0000-0000-0000-000000000002', '40000000-0000-0000-0000-000000000002', 'DAIRY-002', '{"he":"גבינה קשה","en":"Hard Cheese"}', '{"he":"גלילים","en":"Blocks"}', 'KG', 5, 5, 5, false);

insert into product_variants (id, product_id, attributes_json, sku, barcode, uom, active)
values
  ('70000000-0000-0000-0000-000000000000', '60000000-0000-0000-0000-000000000000', '{"size":"1kg","flavor":"Classic"}', 'HERB-001-A', '1111111111111', 'KG', true),
  ('70000000-0000-0000-0000-000000000001', '60000000-0000-0000-0000-000000000001', '{"size":"1kg","flavor":"Mint"}', 'HERB-002-A', '1111111111112', 'KG', true),
  ('70000000-0000-0000-0000-000000000002', '60000000-0000-0000-0000-000000000002', '{"pack":"10"}', 'PACK-001-A', '2222222222222', 'EA', true),
  ('70000000-0000-0000-0000-000000000003', '60000000-0000-0000-0000-000000000003', '{"pack":"24"}', 'PACK-002-A', '2222222222223', 'EA', true),
  ('70000000-0000-0000-0000-000000000004', '60000000-0000-0000-0000-000000000004', '{"size":"1L"}', 'DAIRY-001-A', '3333333333333', 'EA', true),
  ('70000000-0000-0000-0000-000000000005', '60000000-0000-0000-0000-000000000005', '{"size":"5kg"}', 'DAIRY-002-A', '3333333333334', 'KG', true);

insert into inventory (variant_id, qty, low_stock_threshold, updated_at)
values
  ('70000000-0000-0000-0000-000000000000', 120, 20, now()),
  ('70000000-0000-0000-0000-000000000001', 80, 15, now()),
  ('70000000-0000-0000-0000-000000000002', 300, 50, now()),
  ('70000000-0000-0000-0000-000000000003', 200, 30, now()),
  ('70000000-0000-0000-0000-000000000004', 500, 100, now()),
  ('70000000-0000-0000-0000-000000000005', 40, 10, now());

-- Price lists & prices
insert into price_lists (id, vendor_company_id, scope, target_id, name, valid_from, priority, currency)
values
  ('80000000-0000-0000-0000-000000000000', '20000000-0000-0000-0000-000000000000', 'global', null, 'Herbs Global', now(), 100, 'ILS'),
  ('80000000-0000-0000-0000-000000000001', '20000000-0000-0000-0000-000000000000', 'customer', '30000000-0000-0000-0000-000000000000', 'SuperMart Herbs', now(), 10, 'ILS'),
  ('80000000-0000-0000-0000-000000000002', '20000000-0000-0000-0000-000000000001', 'global', null, 'Packaging Global', now(), 100, 'ILS'),
  ('80000000-0000-0000-0000-000000000003', '20000000-0000-0000-0000-000000000001', 'customer', '30000000-0000-0000-0000-000000000001', 'Cafe Packaging', now(), 50, 'ILS'),
  ('80000000-0000-0000-0000-000000000004', '20000000-0000-0000-0000-000000000002', 'global', null, 'Dairy Global', now(), 100, 'ILS');

insert into prices (id, price_list_id, variant_id, min_qty, unit_price)
values
  ('90000000-0000-0000-0000-000000000000', '80000000-0000-0000-0000-000000000000', '70000000-0000-0000-0000-000000000000', 1, 32.00),
  ('90000000-0000-0000-0000-000000000001', '80000000-0000-0000-0000-000000000000', '70000000-0000-0000-0000-000000000001', 1, 22.50),
  ('90000000-0000-0000-0000-000000000002', '80000000-0000-0000-0000-000000000001', '70000000-0000-0000-0000-000000000000', 10, 28.00),
  ('90000000-0000-0000-0000-000000000003', '80000000-0000-0000-0000-000000000001', '70000000-0000-0000-0000-000000000001', 10, 20.00),
  ('90000000-0000-0000-0000-000000000004', '80000000-0000-0000-0000-000000000002', '70000000-0000-0000-0000-000000000002', 1, 5.50),
  ('90000000-0000-0000-0000-000000000005', '80000000-0000-0000-0000-000000000002', '70000000-0000-0000-0000-000000000003', 1, 8.90),
  ('90000000-0000-0000-0000-000000000006', '80000000-0000-0000-0000-000000000003', '70000000-0000-0000-0000-000000000002', 20, 5.00),
  ('90000000-0000-0000-0000-000000000007', '80000000-0000-0000-0000-000000000003', '70000000-0000-0000-0000-000000000003', 20, 8.40),
  ('90000000-0000-0000-0000-000000000008', '80000000-0000-0000-0000-000000000004', '70000000-0000-0000-0000-000000000004', 1, 4.20),
  ('90000000-0000-0000-0000-000000000009', '80000000-0000-0000-0000-000000000004', '70000000-0000-0000-0000-000000000005', 1, 44.00);

-- Refresh mv
select refresh_mv_effective_prices();

-- Sample order for SuperMart splitted vendors
insert into orders (id, customer_company_id, created_by, status, currency, created_at)
values ('A0000000-0000-0000-0000-000000000000', '30000000-0000-0000-0000-000000000000', '33333333-3333-3333-3333-333333333333', 'placed', 'ILS', now());

insert into order_items (id, order_id, vendor_company_id, variant_id, qty, uom, unit_price, discount_pct, tax_rate)
values
  ('B0000000-0000-0000-0000-000000000000', 'A0000000-0000-0000-0000-000000000000', '20000000-0000-0000-0000-000000000000', '70000000-0000-0000-0000-000000000000', 12, 'KG', 28.00, 0, 17.00),
  ('B0000000-0000-0000-0000-000000000001', 'A0000000-0000-0000-0000-000000000000', '20000000-0000-0000-0000-000000000001', '70000000-0000-0000-0000-000000000002', 30, 'EA', 5.00, 0, 17.00);

update orders set
  subtotal = (28.00 * 12) + (5.00 * 30),
  tax_total = ((28.00 * 12) + (5.00 * 30)) * 0.17,
  total = subtotal + tax_total
where id = 'A0000000-0000-0000-0000-000000000000';

insert into shipments (id, order_id, vendor_company_id, status, tracking, partial_flag)
values
  ('C0000000-0000-0000-0000-000000000000', 'A0000000-0000-0000-0000-000000000000', '20000000-0000-0000-0000-000000000000', 'in_transit', 'SM-TRACK-1001', false),
  ('C0000000-0000-0000-0000-000000000001', 'A0000000-0000-0000-0000-000000000000', '20000000-0000-0000-0000-000000000001', 'ready', 'PK-TRACK-2033', true);

insert into approval_requests (
  id,
  requester_user_id,
  approver_user_id,
  company_id,
  request_type,
  entity_type,
  entity_id,
  status,
  notes,
  created_at,
  updated_at
)
values (
  'AA000000-0000-0000-0000-000000000000',
  '33333333-3333-3333-3333-333333333333',
  '44444444-4444-4444-4444-444444444444',
  '30000000-0000-0000-0000-000000000000',
  'order_approval',
  'order',
  'A0000000-0000-0000-0000-000000000000',
  'pending',
  'Initial approval request.',
  now() - interval '2 days',
  now() - interval '2 days'
);

-- Second order for Cafe Delights
insert into orders (id, customer_company_id, created_by, status, currency, created_at)
values ('A0000000-0000-0000-0000-000000000001', '30000000-0000-0000-0000-000000000001', '33333333-3333-3333-3333-333333333334', 'delivered', 'ILS', now() - interval '10 days');

insert into order_items (id, order_id, vendor_company_id, variant_id, qty, uom, unit_price, discount_pct, tax_rate)
values
  ('B0000000-0000-0000-0000-000000000002', 'A0000000-0000-0000-0000-000000000001', '20000000-0000-0000-0000-000000000001', '70000000-0000-0000-0000-000000000003', 18, 'EA', 8.40, 0, 17.00);

update orders set
  subtotal = (8.40 * 18),
  tax_total = (8.40 * 18) * 0.17,
  total = subtotal + tax_total
where id = 'A0000000-0000-0000-0000-000000000001';

insert into shipments (id, order_id, vendor_company_id, status, tracking, partial_flag, created_at)
values
  ('C0000000-0000-0000-0000-000000000002', 'A0000000-0000-0000-0000-000000000001', '20000000-0000-0000-0000-000000000001', 'delivered', 'PK-TRACK-3002', false, now() - interval '9 days');

insert into vendor_ratings (id, vendor_company_id, customer_company_id, order_id, rating, comment, created_by, created_at)
values
  ('F0000000-0000-0000-0000-000000000000', '20000000-0000-0000-0000-000000000000', '30000000-0000-0000-0000-000000000000', 'A0000000-0000-0000-0000-000000000000', 5, 'Consistent quality and quick delivery.', '33333333-3333-3333-3333-333333333333', now() - interval '2 days'),
  ('F0000000-0000-0000-0000-000000000001', '20000000-0000-0000-0000-000000000001', '30000000-0000-0000-0000-000000000000', 'A0000000-0000-0000-0000-000000000000', 4, 'Great response times.', '33333333-3333-3333-3333-333333333333', now() - interval '1 day'),
  ('F0000000-0000-0000-0000-000000000002', '20000000-0000-0000-0000-000000000001', '30000000-0000-0000-0000-000000000001', 'A0000000-0000-0000-0000-000000000001', 5, 'Packaging was excellent.', '33333333-3333-3333-3333-333333333334', now() - interval '7 days');

insert into returns (
  id,
  order_id,
  item_id,
  reason,
  qty,
  status,
  created_by,
  created_at,
  updated_at
)
values (
  'F1000000-0000-0000-0000-000000000000',
  'A0000000-0000-0000-0000-000000000001',
  'B0000000-0000-0000-0000-000000000002',
  'Damaged packaging on delivery.',
  2,
  'requested',
  '33333333-3333-3333-3333-333333333334',
  now() - interval '5 days',
  now() - interval '5 days'
);

-- Notifications
insert into notifications (id, user_id, title, body, data)
values
  ('D0000000-0000-0000-0000-000000000000', '33333333-3333-3333-3333-333333333333', 'Order placed', 'Your order has been placed', '{"order_id":"A0000000-0000-0000-0000-000000000000"}');

-- Audit log
insert into audit_log (id, actor_user_id, action, table_name, row_id, metadata)
values
  ('E0000000-0000-0000-0000-000000000000', '33333333-3333-3333-3333-333333333333', 'order_submitted', 'orders', 'A0000000-0000-0000-0000-000000000000', '{"total":486.00}');

-- Payment terms templates and vendor configuration
insert into payment_terms_templates (id, code, display_name, description, net_days)
values
  ('F0000000-0000-0000-0000-000000000000', 'net_30', 'Net 30', 'תשלום עד 30 יום מקבלת החשבונית', 30),
  ('F0000000-0000-0000-0000-000000000001', 'net_45', 'Net 45', 'תשלום עד 45 יום', 45),
  ('F0000000-0000-0000-0000-000000000002', 'two_ten_net_30', '2/10 Net 30', '2% הנחה בתשלום בתוך 10 ימים, אחרת 30 יום', 30),
  ('F0000000-0000-0000-0000-000000000003', 'due_on_receipt', 'Due on Receipt', 'תשלום מיד עם קבלת החשבונית', 0),
  ('F0000000-0000-0000-0000-000000000004', 'net_60', 'Net 60', 'תשלום עד 60 יום', 60);

insert into vendor_payment_term_settings (
  vendor_id,
  default_terms_id,
  early_pay_discount_pct,
  early_pay_discount_days,
  late_fee_interest_pct,
  grace_period_days,
  allow_vendor_overrides
)
values
  (
    '20000000-0000-0000-0000-000000000000',
    'F0000000-0000-0000-0000-000000000000',
    2.0,
    10,
    1.5,
    10,
    true
  );

insert into vendor_payment_term_options (id, vendor_id, terms_id, is_allowed)
values
  ('F1000000-0000-0000-0000-000000000000', '20000000-0000-0000-0000-000000000000', 'F0000000-0000-0000-0000-000000000000', true),
  ('F1000000-0000-0000-0000-000000000001', '20000000-0000-0000-0000-000000000000', 'F0000000-0000-0000-0000-000000000001', true),
  ('F1000000-0000-0000-0000-000000000002', '20000000-0000-0000-0000-000000000000', 'F0000000-0000-0000-0000-000000000002', true),
  ('F1000000-0000-0000-0000-000000000003', '20000000-0000-0000-0000-000000000000', 'F0000000-0000-0000-0000-000000000003', false);

insert into vendor_payment_term_overrides (id, vendor_id, customer_id, terms_id, created_at)
values
  ('F2000000-0000-0000-0000-000000000000', '20000000-0000-0000-0000-000000000000', '30000000-0000-0000-0000-000000000001', 'F0000000-0000-0000-0000-000000000001', now());

-- Cost centers for SuperMart
insert into cost_centers (
  id,
  company_id,
  business_unit,
  code,
  name,
  department,
  approver_user_id,
  approver_name,
  ytd_budget,
  ytd_spent,
  requires_approver,
  auto_assign_rules,
  status,
  notes
)
values
  (
    '51000000-0000-0000-0000-000000000000',
    '30000000-0000-0000-0000-000000000000',
    'Retail',
    '4100-PAINT',
    'Paint Dept',
    'Paint Department',
    '33333333-3333-3333-3333-333333333333',
    'Ryan Williams',
    250000,
    225000,
    false,
    '[{"label":"Category","value":"Paint"},{"label":"Vendor","value":"ACME"}]',
    'active',
    'Auto assigns paint category invoices'
  ),
  (
    '51000000-0000-0000-0000-000000000001',
    '30000000-0000-0000-0000-000000000000',
    'Retail',
    '4300-HARD',
    'Hardware Dept',
    'Hardware Department',
    '33333333-3333-3333-3333-333333333333',
    'Emily Johnson',
    400000,
    330000,
    false,
    '[{"label":"Category","value":"Hardware"}]',
    'active',
    null
  ),
  (
    '51000000-0000-0000-0000-000000000002',
    '30000000-0000-0000-0000-000000000000',
    'Operations',
    '4700-ELEC',
    'Electrical Dept',
    'Electrical',
    '33333333-3333-3333-3333-333333333333',
    'Joseph Adams',
    180000,
    162500,
    true,
    '[{"label":"PO Flag","value":"Ship Ahead"},{"label":"Min Price","value":"₪200"}]',
    'active',
    'Requires approver when exceeding threshold'
  ),
  (
    '51000000-0000-0000-0000-000000000003',
    '30000000-0000-0000-0000-000000000000',
    'Facilities',
    '4200-PLUMB',
    'Plumbing Dept',
    'Plumbing',
    '33333333-3333-3333-3333-333333333333',
    'Rachel Cohen',
    210000,
    168000,
    false,
    '[{"label":"Vendor","value":"Ship Ahe"}]',
    'active',
    null
  );

-- Warehouses and bins for Packaging Depot (vendor)
insert into warehouses (id, company_id, code, name, address, active)
values
  ('72000000-0000-0000-0000-000000000000', '20000000-0000-0000-0000-000000000001', 'TLV', 'Tel Aviv Fulfillment', '2 Logistics Park, Tel Aviv', true);

insert into warehouse_zones (id, warehouse_id, name, sort_order)
values
  ('73000000-0000-0000-0000-000000000000', '72000000-0000-0000-0000-000000000000', 'Zone A', 1);

insert into warehouse_bins (id, zone_id, aisle, bin, fill_state, current_qty)
values
  ('74000000-0000-0000-0000-000000000000', '73000000-0000-0000-0000-000000000000', 'A', '1', 'empty', 0),
  ('74000000-0000-0000-0000-000000000001', '73000000-0000-0000-0000-000000000000', 'A', '2', 'partial', 40),
  ('74000000-0000-0000-0000-000000000002', '73000000-0000-0000-0000-000000000000', 'A', '3', 'empty', 0),
  ('74000000-0000-0000-0000-000000000003', '73000000-0000-0000-0000-000000000000', 'A', '4', 'partial', 60),
  ('74000000-0000-0000-0000-000000000004', '73000000-0000-0000-0000-000000000000', 'A', '5', 'empty', 0),
  ('74000000-0000-0000-0000-000000000005', '73000000-0000-0000-0000-000000000000', 'A', '6', 'empty', 0),
  ('74000000-0000-0000-0000-000000000006', '73000000-0000-0000-0000-000000000000', 'A', '7', 'empty', 0),
  ('74000000-0000-0000-0000-000000000007', '73000000-0000-0000-0000-000000000000', 'A', '8', 'partial', 55),
  ('74000000-0000-0000-0000-000000000008', '73000000-0000-0000-0000-000000000000', 'A', '9', 'empty', 0),
  ('74000000-0000-0000-0000-000000000009', '73000000-0000-0000-0000-000000000000', 'B', '1', 'partial', 48),
  ('74000000-0000-0000-0000-000000000010', '73000000-0000-0000-0000-000000000000', 'B', '2', 'empty', 0),
  ('74000000-0000-0000-0000-000000000011', '73000000-0000-0000-0000-000000000000', 'B', '3', 'empty', 0),
  ('74000000-0000-0000-0000-000000000012', '73000000-0000-0000-0000-000000000000', 'B', '4', 'empty', 0),
  ('74000000-0000-0000-0000-000000000013', '73000000-0000-0000-0000-000000000000', 'B', '5', 'empty', 0),
  ('74000000-0000-0000-0000-000000000014', '73000000-0000-0000-0000-000000000000', 'B', '6', 'partial', 52),
  ('74000000-0000-0000-0000-000000000015', '73000000-0000-0000-0000-000000000000', 'B', '7', 'empty', 0),
  ('74000000-0000-0000-0000-000000000016', '73000000-0000-0000-0000-000000000000', 'B', '8', 'empty', 0),
  ('74000000-0000-0000-0000-000000000017', '73000000-0000-0000-0000-000000000000', 'B', '9', 'full', 120),
  ('74000000-0000-0000-0000-000000000018', '73000000-0000-0000-0000-000000000000', 'C', '1', 'empty', 0),
  ('74000000-0000-0000-0000-000000000019', '73000000-0000-0000-0000-000000000000', 'C', '2', 'partial', 70),
  ('74000000-0000-0000-0000-000000000020', '73000000-0000-0000-0000-000000000000', 'C', '3', 'full', 150),
  ('74000000-0000-0000-0000-000000000021', '73000000-0000-0000-0000-000000000000', 'C', '4', 'empty', 0),
  ('74000000-0000-0000-0000-000000000022', '73000000-0000-0000-0000-000000000000', 'C', '5', 'empty', 0),
  ('74000000-0000-0000-0000-000000000023', '73000000-0000-0000-0000-000000000000', 'C', '6', 'empty', 0),
  ('74000000-0000-0000-0000-000000000024', '73000000-0000-0000-0000-000000000000', 'C', '7', 'empty', 0),
  ('74000000-0000-0000-0000-000000000025', '73000000-0000-0000-0000-000000000000', 'C', '8', 'empty', 0),
  ('74000000-0000-0000-0000-000000000026', '73000000-0000-0000-0000-000000000000', 'C', '9', 'empty', 0),
  ('74000000-0000-0000-0000-000000000027', '73000000-0000-0000-0000-000000000000', 'D', '1', 'empty', 0),
  ('74000000-0000-0000-0000-000000000028', '73000000-0000-0000-0000-000000000000', 'D', '2', 'empty', 0),
  ('74000000-0000-0000-0000-000000000029', '73000000-0000-0000-0000-000000000000', 'D', '3', 'full', 150),
  ('74000000-0000-0000-0000-000000000030', '73000000-0000-0000-0000-000000000000', 'D', '4', 'empty', 0),
  ('74000000-0000-0000-0000-000000000031', '73000000-0000-0000-0000-000000000000', 'D', '5', 'empty', 0),
  ('74000000-0000-0000-0000-000000000032', '73000000-0000-0000-0000-000000000000', 'D', '6', 'empty', 0),
  ('74000000-0000-0000-0000-000000000033', '73000000-0000-0000-0000-000000000000', 'D', '7', 'empty', 0),
  ('74000000-0000-0000-0000-000000000034', '73000000-0000-0000-0000-000000000000', 'D', '8', 'partial', 65),
  ('74000000-0000-0000-0000-000000000035', '73000000-0000-0000-0000-000000000000', 'D', '9', 'empty', 0),
  ('74000000-0000-0000-0000-000000000036', '73000000-0000-0000-0000-000000000000', 'E', '1', 'empty', 0),
  ('74000000-0000-0000-0000-000000000037', '73000000-0000-0000-0000-000000000000', 'E', '2', 'empty', 0),
  ('74000000-0000-0000-0000-000000000038', '73000000-0000-0000-0000-000000000000', 'E', '3', 'empty', 0),
  ('74000000-0000-0000-0000-000000000039', '73000000-0000-0000-0000-000000000000', 'E', '4', 'full', 180),
  ('74000000-0000-0000-0000-000000000040', '73000000-0000-0000-0000-000000000000', 'E', '5', 'empty', 0),
  ('74000000-0000-0000-0000-000000000041', '73000000-0000-0000-0000-000000000000', 'E', '6', 'partial', 72),
  ('74000000-0000-0000-0000-000000000042', '73000000-0000-0000-0000-000000000000', 'E', '7', 'empty', 0),
  ('74000000-0000-0000-0000-000000000043', '73000000-0000-0000-0000-000000000000', 'E', '8', 'empty', 0),
  ('74000000-0000-0000-0000-000000000044', '73000000-0000-0000-0000-000000000000', 'E', '9', 'empty', 0),
  ('74000000-0000-0000-0000-000000000045', '73000000-0000-0000-0000-000000000000', 'F', '1', 'empty', 0),
  ('74000000-0000-0000-0000-000000000046', '73000000-0000-0000-0000-000000000000', 'F', '2', 'empty', 0),
  ('74000000-0000-0000-0000-000000000047', '73000000-0000-0000-0000-000000000000', 'F', '3', 'empty', 0),
  ('74000000-0000-0000-0000-000000000048', '73000000-0000-0000-0000-000000000000', 'F', '4', 'full', 160),
  ('74000000-0000-0000-0000-000000000049', '73000000-0000-0000-0000-000000000000', 'F', '5', 'empty', 0),
  ('74000000-0000-0000-0000-000000000050', '73000000-0000-0000-0000-000000000000', 'F', '6', 'empty', 0),
  ('74000000-0000-0000-0000-000000000051', '73000000-0000-0000-0000-000000000000', 'F', '7', 'empty', 0),
  ('74000000-0000-0000-0000-000000000052', '73000000-0000-0000-0000-000000000000', 'F', '8', 'empty', 0),
  ('74000000-0000-0000-0000-000000000053', '73000000-0000-0000-0000-000000000000', 'F', '9', 'full', 140),
  ('74000000-0000-0000-0000-000000000054', '73000000-0000-0000-0000-000000000000', 'G', '1', 'empty', 0),
  ('74000000-0000-0000-0000-000000000055', '73000000-0000-0000-0000-000000000000', 'G', '2', 'partial', 80),
  ('74000000-0000-0000-0000-000000000056', '73000000-0000-0000-0000-000000000000', 'G', '3', 'empty', 0),
  ('74000000-0000-0000-0000-000000000057', '73000000-0000-0000-0000-000000000000', 'G', '4', 'empty', 0),
  ('74000000-0000-0000-0000-000000000058', '73000000-0000-0000-0000-000000000000', 'G', '5', 'empty', 0),
  ('74000000-0000-0000-0000-000000000059', '73000000-0000-0000-0000-000000000000', 'G', '6', 'empty', 0),
  ('74000000-0000-0000-0000-000000000060', '73000000-0000-0000-0000-000000000000', 'G', '7', 'empty', 0),
  ('74000000-0000-0000-0000-000000000061', '73000000-0000-0000-0000-000000000000', 'G', '8', 'empty', 0),
  ('74000000-0000-0000-0000-000000000062', '73000000-0000-0000-0000-000000000000', 'G', '9', 'full', 170),
  ('74000000-0000-0000-0000-000000000063', '73000000-0000-0000-0000-000000000000', 'H', '1', 'empty', 0),
  ('74000000-0000-0000-0000-000000000064', '73000000-0000-0000-0000-000000000000', 'H', '2', 'empty', 0),
  ('74000000-0000-0000-0000-000000000065', '73000000-0000-0000-0000-000000000000', 'H', '3', 'partial', 68),
  ('74000000-0000-0000-0000-000000000066', '73000000-0000-0000-0000-000000000000', 'H', '4', 'empty', 0),
  ('74000000-0000-0000-0000-000000000067', '73000000-0000-0000-0000-000000000000', 'H', '5', 'empty', 0),
  ('74000000-0000-0000-0000-000000000068', '73000000-0000-0000-0000-000000000000', 'H', '6', 'empty', 0),
  ('74000000-0000-0000-0000-000000000069', '73000000-0000-0000-0000-000000000000', 'H', '7', 'partial', 62),
  ('74000000-0000-0000-0000-000000000070', '73000000-0000-0000-0000-000000000000', 'H', '8', 'empty', 0),
  ('74000000-0000-0000-0000-000000000071', '73000000-0000-0000-0000-000000000000', 'H', '9', 'empty', 0),
  ('74000000-0000-0000-0000-000000000072', '73000000-0000-0000-0000-000000000000', 'I', '1', 'empty', 0),
  ('74000000-0000-0000-0000-000000000073', '73000000-0000-0000-0000-000000000000', 'I', '2', 'empty', 0),
  ('74000000-0000-0000-0000-000000000074', '73000000-0000-0000-0000-000000000000', 'I', '3', 'empty', 0),
  ('74000000-0000-0000-0000-000000000075', '73000000-0000-0000-0000-000000000000', 'I', '4', 'empty', 0),
  ('74000000-0000-0000-0000-000000000076', '73000000-0000-0000-0000-000000000000', 'I', '5', 'empty', 0),
  ('74000000-0000-0000-0000-000000000077', '73000000-0000-0000-0000-000000000000', 'I', '6', 'empty', 0),
  ('74000000-0000-0000-0000-000000000078', '73000000-0000-0000-0000-000000000000', 'I', '7', 'empty', 0),
  ('74000000-0000-0000-0000-000000000079', '73000000-0000-0000-0000-000000000000', 'I', '8', 'empty', 0),
  ('74000000-0000-0000-0000-000000000080', '73000000-0000-0000-0000-000000000000', 'I', '9', 'partial', 58),
  ('74000000-0000-0000-0000-000000000081', '73000000-0000-0000-0000-000000000000', 'J', '1', 'empty', 0),
  ('74000000-0000-0000-0000-000000000082', '73000000-0000-0000-0000-000000000000', 'J', '2', 'empty', 0),
  ('74000000-0000-0000-0000-000000000083', '73000000-0000-0000-0000-000000000000', 'J', '3', 'empty', 0),
  ('74000000-0000-0000-0000-000000000084', '73000000-0000-0000-0000-000000000000', 'J', '4', 'empty', 0),
  ('74000000-0000-0000-0000-000000000085', '73000000-0000-0000-0000-000000000000', 'J', '5', 'empty', 0),
  ('74000000-0000-0000-0000-000000000086', '73000000-0000-0000-0000-000000000000', 'J', '6', 'empty', 0),
  ('74000000-0000-0000-0000-000000000087', '73000000-0000-0000-0000-000000000000', 'J', '7', 'empty', 0),
  ('74000000-0000-0000-0000-000000000088', '73000000-0000-0000-0000-000000000000', 'J', '8', 'empty', 0),
  ('74000000-0000-0000-0000-000000000089', '73000000-0000-0000-0000-000000000000', 'J', '9', 'full', 120);

-- Support tickets seeded for SuperMart
insert into support_tickets (
  id,
  company_id,
  requester_id,
  subject,
  description,
  status,
  priority,
  sla_due,
  assigned_to,
  created_at
)
values
  (
    '82000000-0000-0000-0000-000000000000',
    '30000000-0000-0000-0000-000000000000',
    '33333333-3333-3333-3333-333333333333',
    'Delivery issue',
    'Customer reported that items were missing from the shipment.',
    'open',
    'high',
    now() + interval '4 hours',
    '22222222-2222-2222-2222-222222222222',
    now() - interval '1 day'
  ),
  (
    '82000000-0000-0000-0000-000000000001',
    '30000000-0000-0000-0000-000000000000',
    '33333333-3333-3333-3333-333333333333',
    'Unable to log in',
    'User is experiencing problems accessing their account.',
    'open',
    'medium',
    now() + interval '18 hours',
    '11111111-1111-1111-1111-111111111111',
    now() - interval '2 days'
  ),
  (
    '82000000-0000-0000-0000-000000000002',
    '30000000-0000-0000-0000-000000000000',
    '33333333-3333-3333-3333-333333333333',
    'Product inquiry',
    'Customer requested details about product specifications.',
    'open',
    'low',
    now() + interval '3 days',
    '22222222-2222-2222-2222-222222222223',
    now() - interval '9 days'
  ),
  (
    '82000000-0000-0000-0000-000000000003',
    '30000000-0000-0000-0000-000000000000',
    '33333333-3333-3333-3333-333333333333',
    'Invoice reconciliation',
    'Invoice total differs from PO amount.',
    'pending',
    'low',
    now() + interval '2 days',
    '11111111-1111-1111-1111-111111111111',
    now() - interval '4 days'
  ),
  (
    '82000000-0000-0000-0000-000000000004',
    '30000000-0000-0000-0000-000000000000',
    '33333333-3333-3333-3333-333333333333',
    'Bulk catalog sync',
    'Assistance requested for importing catalog.',
    'pending',
    'medium',
    now() + interval '1 day',
    '22222222-2222-2222-2222-222222222223',
    now() - interval '6 days'
  ),
  (
    '82000000-0000-0000-0000-000000000005',
    '30000000-0000-0000-0000-000000000000',
    '33333333-3333-3333-3333-333333333333',
    'Onboarding training',
    'Need materials for new team members.',
    'closed',
    'low',
    now() - interval '2 days',
    '11111111-1111-1111-1111-111111111111',
    now() - interval '10 days'
  );

-- Customer profiles
insert into customer_profiles (
  customer_id,
  account_tier,
  industry,
  sales_rep_name,
  sales_rep_email,
  phone,
  street_address,
  city,
  postal_code,
  country
)
values
  (
    '30000000-0000-0000-0000-000000000000',
    'B2B Standard',
    'Construction',
    'Jane Smith',
    'jane.smith@example.com',
    '+1 555-123-4567',
    '123 Oak St',
    'Springfield',
    '62701',
    'IL'
  ),
  (
    '30000000-0000-0000-0000-000000000001',
    'B2B Premium',
    'Hospitality',
    'Lior Cohen',
    'lior.cohen@example.com',
    '+972 3-555-0100',
    '45 Dizengoff',
    'Tel Aviv',
    '64332',
    'IL'
  );

-- Vendor metrics
insert into vendor_metrics (
  vendor_id,
  on_time_percent,
  lead_time_days,
  minimum_order_qty,
  rating,
  preferred
)
values
  ('20000000-0000-0000-0000-000000000000', 96.5, 4.5, 45, 4.6, true),
  ('20000000-0000-0000-0000-000000000001', 93.0, 5.2, 30, 4.3, false),
  ('20000000-0000-0000-0000-000000000002', 89.0, 6.8, 20, 4.1, false);

-- Saved lists and items
insert into saved_lists (id, customer_id, name, updated_at, created_at)
values
  ('91000000-0000-0000-0000-000000000000', '30000000-0000-0000-0000-000000000000', 'Restock - Paint Dept', now() - interval '2 days', now() - interval '30 days'),
  ('91000000-0000-0000-0000-000000000001', '30000000-0000-0000-0000-000000000000', 'Monthly Janitorial', now() - interval '5 days', now() - interval '60 days'),
  ('91000000-0000-0000-0000-000000000002', '30000000-0000-0000-0000-000000000000', 'Trade Show Display', now() - interval '7 days', now() - interval '90 days');

insert into saved_list_items (id, list_id, variant_id, quantity, uom, created_at)
values
  ('92000000-0000-0000-0000-000000000000', '91000000-0000-0000-0000-000000000000', '70000000-0000-0000-0000-000000000000', 50, 'KG', now() - interval '30 days'),
  ('92000000-0000-0000-0000-000000000001', '91000000-0000-0000-0000-000000000000', '70000000-0000-0000-0000-000000000002', 120, 'EA', now() - interval '25 days'),
  ('92000000-0000-0000-0000-000000000002', '91000000-0000-0000-0000-000000000000', '70000000-0000-0000-0000-000000000003', 80, 'EA', now() - interval '22 days'),
  ('92000000-0000-0000-0000-000000000003', '91000000-0000-0000-0000-000000000001', '70000000-0000-0000-0000-000000000004', 60, 'EA', now() - interval '50 days'),
  ('92000000-0000-0000-0000-000000000004', '91000000-0000-0000-0000-000000000001', '70000000-0000-0000-0000-000000000005', 20, 'KG', now() - interval '45 days'),
  ('92000000-0000-0000-0000-000000000005', '91000000-0000-0000-0000-000000000002', '70000000-0000-0000-0000-000000000001', 40, 'KG', now() - interval '70 days');

-- Promotions (3 active promotions)
insert into promotions (id, title, description, badge_label, terms, tags, valid_from, valid_to, active, priority, target_customer_ids)
values
  (
    'a0000000-0000-0000-0000-000000000000',
    '{"he":"חבילת תבלינים חורפית","en":"Winter Herbs Bundle"}',
    '{"he":"כל התבלינים הטריים שלנו במחיר מיוחד","en":"All our fresh herbs at special price"}',
    '{"he":"20% הנחה","en":"20% OFF"}',
    '{"he":"בכפוף למלאי","en":"Subject to availability"}',
    array['חורף', 'תבלינים', 'מבצע'],
    now(),
    now() + interval '30 days',
    true,
    10,
    array['30000000-0000-0000-0000-000000000000'::uuid]
  ),
  (
    'a0000000-0000-0000-0000-000000000001',
    '{"he":"מבצע אריזות - קנה 100 קבל 120","en":"Packaging Deal - Buy 100 Get 120"}',
    '{"he":"קרטונים ואריזות במחיר מבצע","en":"Cartons and packaging at promotional price"}',
    '{"he":"20 יחידות מתנה","en":"20 units free"}',
    '{"he":"בהזמנה מעל 100 יחידות","en":"On orders over 100 units"}',
    array['אריזות', 'מבצע', 'חיסכון'],
    now(),
    now() + interval '45 days',
    true,
    20,
    array['30000000-0000-0000-0000-000000000001'::uuid]
  ),
  (
    'a0000000-0000-0000-0000-000000000002',
    '{"he":"מבצע ראש השנה 2025","en":"New Year 2025 Special"}',
    '{"he":"כל המוצרים שלנו במחיר מיוחד לחג","en":"All products at holiday special pricing"}',
    '{"he":"עד 30% הנחה","en":"Up to 30% OFF"}',
    '{"he":"תקף עד סוף החודש","en":"Valid until end of month"}',
    array['חג', 'מבצע מיוחד', '2025'],
    now(),
    now() + interval '60 days',
    true,
    5,
    array[]::uuid[]
  );

-- Link promotions to products
insert into promotion_products (promotion_id, product_id, discount_pct)
values
  ('a0000000-0000-0000-0000-000000000000', '60000000-0000-0000-0000-000000000000', 20.00),
  ('a0000000-0000-0000-0000-000000000000', '60000000-0000-0000-0000-000000000001', 20.00),
  ('a0000000-0000-0000-0000-000000000001', '60000000-0000-0000-0000-000000000002', 15.00),
  ('a0000000-0000-0000-0000-000000000001', '60000000-0000-0000-0000-000000000003', 15.00),
  ('a0000000-0000-0000-0000-000000000002', '60000000-0000-0000-0000-000000000000', 25.00),
  ('a0000000-0000-0000-0000-000000000002', '60000000-0000-0000-0000-000000000002', 30.00);

-- Approval Requests (2 pending approvals)
insert into approval_requests (id, requester_user_id, approver_user_id, company_id, request_type, entity_type, entity_id, status, notes)
values
  (
    'aa000000-0000-0000-0000-000000000000',
    '33333333-3333-3333-3333-333333333333',
    '33333333-3333-3333-3333-333333333334',
    '30000000-0000-0000-0000-000000000000',
    'order_approval',
    'orders',
    'A0000000-0000-0000-0000-000000000000',
    'pending',
    'הזמנה חורגת מתקציב - דרושה אישור'
  ),
  (
    'aa000000-0000-0000-0000-000000000001',
    '33333333-3333-3333-3333-333333333333',
    '33333333-3333-3333-3333-333333333334',
    '30000000-0000-0000-0000-000000000000',
    'price_change',
    'products',
    '60000000-0000-0000-0000-000000000000',
    'pending',
    'בקשה לעדכון מחיר מיוחד'
  );
